tag,count
reading,25
writing,20
literature,19
poetry,18
the-objectivists,14
Wedding Planning Series,12
books,12
wedding,10
marriage,10
planning,9
favorite-people,8
reading-notes,7
george-oppen,7
education-technology,7
higher-education,6
philosophy,4
open-educational-resources,4
mission,4
memory,4
love,4
lorine-niedecker,4
ignazio-silone,4
friendship,4
techmology,3
pressbooks,3
mission-stories,3
lessons-from-oppens-letters,3
childhood,3
Whittenberger,2
visualizing-data,2
sports,2
publishing,2
politics,2
photography,2
oer,2
objectivists,2
nba,2
mining,2
Memory Collector Project,2
letter-press,2
grief,2
family,2
educational-technology,2
death,2
data,2
cesare-pavese,2
carl-rakosi,2
basketball,2
attention,2
work,1
wittgenstein,1
wisdom,1
wisconsin,1
whittenberger-summer-writing-project,1
web-design,1
web-annotation,1
war,1
technology,1
storytelling,1
statistics,1
september-11,1
san-antonio-spurs,1
rings,1
religion,1
recording,1
poverty,1
podcasting,1
place,1
oppen,1
openauthor,1
objectivist-poetics,1
objectivist,1
nonviolence,1
new-directions,1
mourning,1
mormon,1
mindfulness,1
memory-collector-project,1
medicine,1
mary-oppen,1
mark-nowak,1
marginalia,1
libraries,1
letters,1
language,1
landscape,1
j-b-jackson,1
james-laughlin,1
hypothesis,1
homelessness,1
grimethorpe,1
generosity,1
forgiveness,1
food,1
ezra-pound,1
ethics,1
etexts,1
ecopoetics,1
drugs,1
diy,1
design,1
communication,1
clothing,1
buddhism,1
bill-bryson,1
beck,1
barnsley,1
authoring,1
audio-production,1
art,1
animals,1
anarchism,1
analytics,1
alzheimers,1
academics,1
